[
  {
    "date": "2025-12-22 20:45",
    "desc": "(0x26bd=So) SL Benfica x FC Famalicao | Liga Portugal  - Jornada 15",
    "index": 24
  },
  {
    "date": "2025-12-28 18:00",
    "desc": "(0x26bd=So) SC Braga x SL Benfica | Liga Portugal  - Jornada 16",
    "index": 23
  },
  {
    "date": "2026-01-01 21:22",
    "desc": "Your Calendar is now Red and White",
    "index": 25
  },
  {
    "date": "2026-01-03 18:00",
    "desc": "(0x26bd=So) SL Benfica x Estoril Praia | Liga Portugal  - Jornada 17",
    "index": 22
  },
  {
    "date": "2026-01-07 20:00",
    "desc": "(0x26bd=So) SL Benfica x SC Braga | Taca da Liga",
    "index": 21
  },
  {
    "date": "2026-01-14 20:45",
    "desc": "(0x26bd=So) FC Porto x SL Benfica | Taca de Portugal",
    "index": 20
  },
  {
    "date": "2026-01-17 20:30",
    "desc": "(0x26bd=So) Rio Ave FC x SL Benfica | Liga Portugal  - Jornada 18",
    "index": 19
  },
  {
    "date": "2026-01-21 20:00",
    "desc": "(0x26bd=So) Juventus FC x SL Benfica | Liga dos Campeoes da UEFA  - Jor",
    "index": 18
  },
  {
    "date": "2026-01-25 18:00",
    "desc": "(0x26bd=So) SL Benfica x CF Estrela Amadora | Liga Portugal  - Jornada 1",
    "index": 17
  },
  {
    "date": "2026-01-28 20:00",
    "desc": "(0x26bd=So) SL Benfica x Real Madrid CF | Liga dos Campeoes da UEFA  -",
    "index": 16
  },
  {
    "date": "2026-02-01 18:00",
    "desc": "(0x26bd=So) CD Tondela x SL Benfica | Liga Portugal  - Jornada 20",
    "index": 15
  },
  {
    "date": "2026-02-08 18:00",
    "desc": "(0x26bd=So) SL Benfica x FC Alverca | Liga Portugal  - Jornada 21",
    "index": 14
  },
  {
    "date": "2026-02-15 18:00",
    "desc": "(0x26bd=So) Santa Clara x SL Benfica | Liga Portugal  - Jornada 22",
    "index": 13
  },
  {
    "date": "2026-02-22 18:00",
    "desc": "(0x26bd=So) SL Benfica x AVS Futebol SAD | Liga Portugal  - Jornada 23",
    "index": 12
  },
  {
    "date": "2026-03-01 18:00",
    "desc": "(0x26bd=So) Gil Vicente FC x SL Benfica | Liga Portugal  - Jornada 24",
    "index": 11
  },
  {
    "date": "2026-03-08 18:00",
    "desc": "(0x26bd=So) SL Benfica x FC Porto | Liga Portugal  - Jornada 25",
    "index": 10
  },
  {
    "date": "2026-03-15 18:00",
    "desc": "(0x26bd=So) FC Arouca x SL Benfica | Liga Portugal  - Jornada 26",
    "index": 9
  },
  {
    "date": "2026-03-22 18:00",
    "desc": "(0x26bd=So) SL Benfica x Vitoria SC | Liga Portugal  - Jornada 27",
    "index": 8
  },
  {
    "date": "2026-04-04 18:00",
    "desc": "(0x26bd=So) Casa Pia AC x SL Benfica | Liga Portugal  - Jornada 28",
    "index": 7
  },
  {
    "date": "2026-04-12 18:00",
    "desc": "(0x26bd=So) SL Benfica x CD Nacional | Liga Portugal  - Jornada 29",
    "index": 6
  },
  {
    "date": "2026-04-19 18:00",
    "desc": "(0x26bd=So) Sporting CP x SL Benfica | Liga Portugal  - Jornada 30",
    "index": 5
  },
  {
    "date": "2026-04-26 18:00",
    "desc": "(0x26bd=So) SL Benfica x Moreirense FC | Liga Portugal  - Jornada 31",
    "index": 4
  },
  {
    "date": "2026-05-03 18:00",
    "desc": "(0x26bd=So) FC Famalicao x SL Benfica | Liga Portugal  - Jornada 32",
    "index": 3
  },
  {
    "date": "2026-05-10 18:00",
    "desc": "(0x26bd=So) SL Benfica x SC Braga | Liga Portugal  - Jornada 33",
    "index": 2
  },
  {
    "date": "2026-05-17 18:00",
    "desc": "(0x26bd=So) Estoril Praia x SL Benfica | Liga Portugal  - Jornada 34",
    "index": 1
  }
]
